,Poisson Mean Prediction,Linear Mean Prediction
Pontos,0.20000000034837473,0.19999999993987852
Rebotes,0.20000000100078985,0.2000000000098807
Assistências,0.21538461641236925,0.21538461536419515
