,Acurácia,AUC
Pontos,0.8846153846153846,0.9212121212121211
Rebotes,0.6923076923076923,0.7142857142857143
Assistências,0.7307692307692307,0.8823529411764706
