Variável,Coeficiente
Minutos,0.996558226660601
Tentativas de 3 PTS,1.6377727318738071
Cestas de 3 PTS,0.406344759670327
