Variável,Coeficiente
Minutos,0.622166178884105
Tentativas de 3 PTS,-1.06430683634039
Cestas de 3 PTS,-0.7134809137175013
