Variável,Coeficiente
Minutos,0.9850803903104314
Tentativas de 3 PTS,-0.2871730216486142
Cestas de 3 PTS,1.596048332473127
